{"cameraMode":{"drawMode":0,"name":"Shaded","section":"Shading Mode"},"sceneLighting":false,"audioPlay":false,"sceneViewState":{"showFog":true,"showMaterialUpdate":false,"showSkybox":false,"showFlares":true,"showImageEffects":true,"showParticleSystems":true},"in2DMode":false,"pivot":{"x":-0.01702439785003662,"y":0.0,"z":7.999447822570801},"rotation":{"x":0.36143022775650027,"y":0.020976554602384568,"z":-0.008133689872920514,"w":0.9321297407150269},"size":3.6434237957000734,"orthographic":false}